ingredients,cont
"salt",1205
"sugar",639
"all-purpose flour",593
"unsalted butter",592
"olive oil",516
"butter",514
"water",440
"large eggs",415
"garlic cloves",403
"ground black pepper",385
"onions",368
"shallots",321
"extra-virgin olive oil",256
"dry white wine",245
"fresh lemon juice",239
"large egg yolks",223
"carrots",221
"vanilla extract",219
"garlic",214
"heavy cream",210
"pepper",209
"milk",189
"eggs",185
"black pepper",172
"whipping cream",172
"dijon mustard",170
"fresh parsley",166
"cooking spray",166
"kosher salt",153
"bay leaf",149
"leeks",137
"large egg whites",136
"tomatoes",129
"whole milk",127
"flat leaf parsley",125
"egg yolks",121
"bay leaves",115
"granulated sugar",110
"powdered sugar",108
"freshly ground pepper",105
"chopped fresh thyme",105
"vegetable oil",102
"sea salt",101
"dried thyme",101
"thyme sprigs",97
"fresh thyme",94
"white wine vinegar",93
"capers",92
"lemon juice",92
"corn starch",91
"confectioners sugar",91
"ground nutmeg",89
"zucchini",86
"flour",85
"red wine vinegar",84
"vanilla beans",80
"black peppercorns",77
"mushrooms",75
"tomato paste",75
"grated parmesan cheese",74
"crme frache",74
"gruyere cheese",73
"fresh tarragon",72
"semisweet chocolate",71
"bacon",71
"ground cinnamon",70
"large garlic cloves",69
"cognac",67
"honey",67
"red bell pepper",67
"fresh basil",66
"purple onion",64
"chopped onion",64
"dry red wine",64
"egg whites",63
"potatoes",63
"baguette",61
"thyme",61
"celery ribs",60
"cream of tartar",59
"chicken stock",58
"frozen pastry puff sheets",58
"baking powder",58
"red wine",58
"celery",58
"ice water",57
"fine sea salt",57
"white wine",57
"plum tomatoes",56
"lemon",56
"green beans",56
"fresh rosemary",54
"fresh thyme leaves",54
"cold water",54
"bittersweet chocolate",54
"french bread",54
"white sugar",53
"half & half",52
"chopped fresh chives",52
"fat free less sodium chicken broth",52
